name,level1CategoryName,packageName
死亡楼梯车,模拟经营,https://app.mi.com/details?id=com.xph.swltc.mi
海盗突袭,休闲创意,https://app.mi.com/details?id=com.ynwl.hdtx.mi
上帝创造者,模拟经营,https://app.mi.com/details?id=com.xph.sdczz.mi
铁杆三国-登录领千抽,网游RPG,https://app.mi.com/details?id=com.xb.tgsgqd.mi
番茄聊天,聊天社交,https://app.mi.com/details?id=com.fqjbpqtz.fqjb
小米画报,实用工具,https://app.mi.com/details?id=com.mfashiongallery.emag
多乐保皇,棋牌桌游,https://app.mi.com/details?id=com.k7k7.BaoHuang.mi
火柴人英雄战士,休闲创意,https://app.mi.com/details?id=com.xph.hcryxzs.mi
躲猫猫,休闲创意,https://app.mi.com/details?id=com.lyxx.dmm.mi
米仓,实用工具,https://app.mi.com/details?id=com.micang.read
酷拍,摄影摄像,https://app.mi.com/details?id=com.gau.go.launcherex.theme.galaxy
数字填色涂鸦大师,休闲创意,https://app.mi.com/details?id=com.kingwin.numberpixel.mi
有佣有物,时尚购物,https://app.mi.com/details?id=com.yyywu.app
光之守望,网游RPG,https://app.mi.com/details?id=com.jys.gzsw.mi
365清理精灵,实用工具,https://app.mi.com/details?id=com.mop.cleaneveryday
二手车之家-买车卖车估值,时尚购物,https://app.mi.com/details?id=com.autohome.usedcar
董浩读书,学习教育,https://app.mi.com/details?id=cn.donghaodushu.eduappadnroid
手机放大镜,实用工具,https://app.mi.com/details?id=cn.jinrishuiyin.fangda
指尖上的环保,效率办公,https://app.mi.com/details?id=com.zsplat.zhijian
贝壳记账本-记账软件,金融理财,https://app.mi.com/details?id=com.shell.bill
成语宝典,学习教育,https://app.mi.com/details?id=com.cybd.cybdapp
召唤神兽：进化,休闲创意,https://app.mi.com/details?id=com.ynwl.zhssjh.mi
打墨,学习教育,https://app.mi.com/details?id=com.getwant.kisys
奥奇传说,休闲创意,https://app.mi.com/details?id=com.baitian.aqcs.aqcssy.mi
MIGO NTSC自动生成器软件,实用工具,https://app.mi.com/details?id=com.ntsc.app
台球风云,赛车体育,https://app.mi.com/details?id=com.yunbu.pool3.mi
云检bd端,实用工具,https://app.mi.com/details?id=cn.ysbang.spectrum
腾讯游戏管家-游戏启动黑科技,实用工具,https://app.mi.com/details?id=com.tencent.gamestick
智荟文水,新闻资讯,https://app.mi.com/details?id=com.qdgdcm.news.wenshui
番茄少年,实用工具,https://app.mi.com/details?id=net.qihoo.honghu
拆家我最快,休闲创意,https://app.mi.com/details?id=com.jy.cjwzk.mi
艺百,聊天社交,https://app.mi.com/details?id=com.sctjj.dance
疯狂酷跑传奇,格斗快打,https://app.mi.com/details?id=com.tdhd.fkkpcq.mi
王牌竞速,赛车体育,https://app.mi.com/details?id=com.netease.aceracer.mi
提词流量宝,摄影摄像,https://app.mi.com/details?id=com.xiangyou.teleprompter
最右,影音视听,https://app.mi.com/details?id=cn.xiaochuankeji.tieba
帝国史诗,战争策略,https://app.mi.com/details?id=com.yunbu.arkcraft2.mi
疯读极速版（原扎堆小说）,图书阅读,https://app.mi.com/details?id=com.cootek.literature
锦江在线,旅行交通,https://app.mi.com/details?id=com.jinjiangonline.shanghai.unify
慧停车+,旅行交通,https://app.mi.com/details?id=com.rpms.uaandroid
武圣屠龙-专属GM特权,网游RPG,https://app.mi.com/details?id=com.sqw.wstl.mi
奥托的历险,休闲创意,https://app.mi.com/details?id=com.ynwl.aetlx.mi
睡猫云仓,效率办公,https://app.mi.com/details?id=com.hongmu.warehouse
最强蜗牛-喜羊羊与灰太狼联动,休闲创意,https://app.mi.com/details?id=com.qc.zqwn.mi
360浏览器,实用工具,https://app.mi.com/details?id=com.qihoo.browser
游好多-2333乐园,休闲创意,https://app.mi.com/details?id=com.xi.quickgame.mi
斗罗大陆：武魂觉醒-送唐晨魂师,网游RPG,https://app.mi.com/details?id=com.hnzh.dldlwhjx.mi
未然之光心眼,医疗健康,https://app.mi.com/details?id=com.yno.ecgapp
ArtPro,实用工具,https://app.mi.com/details?id=app.art.best
腾讯动漫-一人之下热播,图书阅读,https://app.mi.com/details?id=com.qq.ac.android
计支宝,效率办公,https://app.mi.com/details?id=com.youdi.jzb
对爱相亲,聊天社交,https://app.mi.com/details?id=com.fanjin.live
快手概念版,影音视听,https://app.mi.com/details?id=com.kwai.thanos
盲盒漂流瓶,聊天社交,https://app.mi.com/details?id=com.yangjiu.plp.app
学培课堂,学习教育,https://app.mi.com/details?id=com.ppve.android
掌上家校通,学习教育,https://app.mi.com/details?id=cn.jxt.android
匠小佐,居家生活,https://app.mi.com/details?id=cn.jxz.app
元猫,效率办公,https://app.mi.com/details?id=com.yormor
CiE美妆创新展,时尚购物,https://app.mi.com/details?id=com.pinguan.app
谁是凶手,聊天社交,https://app.mi.com/details?id=com.who.android
微手帐,效率办公,https://app.mi.com/details?id=com.zerone.mood
今日买车,时尚购物,https://app.mi.com/details?id=com.jws.cencobuy
小金豆,居家生活,https://app.mi.com/details?id=com.jdd966.xiaojindou
瑞幸咖啡,居家生活,https://app.mi.com/details?id=com.lucky.luckyclient
AirDroid,效率办公,https://app.mi.com/details?id=com.sand.airdroid
极简记账-记账本,金融理财,https://app.mi.com/details?id=com.luyun.simpleaccout
az全球购,时尚购物,https://app.mi.com/details?id=com.azgo.globalstore
桃花源家族,旅行交通,https://app.mi.com/details?id=com.xx.thy
密爱,聊天社交,https://app.mi.com/details?id=com.miai.data
鸭题君,学习教育,https://app.mi.com/details?id=com.yingedu.ppst
陕西头条,新闻资讯,https://app.mi.com/details?id=com.gdwx.cnwest
途游休闲捕鱼-志玲代言,棋牌桌游,https://app.mi.com/details?id=com.tuyoo.fishue4.mi
王派医学,学习教育,https://app.mi.com/details?id=com.wpyx.eduWp
蜜蜂省钱,时尚购物,https://app.mi.com/details?id=com.mifengshengqianmfsq.app
瑞达教育,学习教育,https://app.mi.com/details?id=com.ruida.ruidaschool
千千电话,聊天社交,https://app.mi.com/details?id=com.lz.mycall
高思教育,学习教育,https://app.mi.com/details?id=gaosi.com.jion
谜语猜猜猜,学习教育,https://app.mi.com/details?id=com.bruce.riddle
了不起的飞剑,网游RPG,https://app.mi.com/details?id=com.jys.feijian.mi
老来,聊天社交,https://app.mi.com/details?id=com.laolaiwangtech
滑板之城,休闲创意,https://app.mi.com/details?id=com.rywl.hbzc.mi
微商货源,实用工具,https://app.mi.com/details?id=com.source.wharf
百视TV-新春百&ldquo;视&rdquo;皆宜,影音视听,https://app.mi.com/details?id=com.bestv.app
绯石之心,网游RPG,https://app.mi.com/details?id=com.feiyou.fszx.mi
話梅,时尚购物,https://app.mi.com/details?id=com.harmay.harmay
历史知识,实用工具,https://app.mi.com/details?id=cn.liusenhu.history
中课网校,学习教育,https://app.mi.com/details?id=com.zhongke3.online
一键清理精灵,实用工具,https://app.mi.com/details?id=com.mop.cleanelf
恋爱语音,聊天社交,https://app.mi.com/details?id=com.dale.bobo
视频带货,时尚购物,https://app.mi.com/details?id=com.yywl.dhsq
贝壳记账本-记账软件,金融理财,https://app.mi.com/details?id=com.shell.bill
极简记账-记账本,金融理财,https://app.mi.com/details?id=com.luyun.simpleaccout
火象交易,金融理财,https://app.mi.com/details?id=com.alphazone.app1
太牛,金融理财,https://app.mi.com/details?id=com.tpyzq.self.mobile.pangu
爱股票,金融理财,https://app.mi.com/details?id=com.aigupiao.ui
易收款,金融理财,https://app.mi.com/details?id=com.tzbank.merchant
雪盈证券,金融理财,https://app.mi.com/details?id=com.snowballfinance.android
乐刷商务版,金融理财,https://app.mi.com/details?id=com.yeahka.mach.android.openpos
金美信金融,金融理财,https://app.mi.com/details?id=com.jmx.fapp
好买基金,金融理财,https://app.mi.com/details?id=howbuy.android.palmfund
萝卜股票,金融理财,https://app.mi.com/details?id=com.datayes.iia
三峡担保app,金融理财,https://app.mi.com/details?id=com.triones.guarantee
正心谷资本,金融理财,https://app.mi.com/details?id=com.loyal.m
番茄记账本-记账软件,金融理财,https://app.mi.com/details?id=com.tomato.bill
广发期货,金融理财,https://app.mi.com/details?id=com.guangfaqihuo.mhdxh
平安企业宝- 保险保单理赔,金融理财,https://app.mi.com/details?id=com.pa.sales.client
安粮博易,金融理财,https://app.mi.com/details?id=com.anliangqihuo.mhdxh
国美易卡,金融理财,https://app.mi.com/details?id=com.gomejr.icash
乐山商业银行,金融理财,https://app.mi.com/details?id=com.csii.LeShanBank
大陆期货,金融理财,https://app.mi.com/details?id=com.daluqihuo.mhdxh
渤海信用卡,金融理财,https://app.mi.com/details?id=cn.com.bohaibank.mbank
捷信金融,金融理财,https://app.mi.com/details?id=com.hcc.app
平安健康保,金融理财,https://app.mi.com/details?id=com.pajk.bd
芒哩,金融理财,https://app.mi.com/details?id=com.mangojr.mangohua
平安金管家,金融理财,https://app.mi.com/details?id=com.pingan.lifeinsurance
东莞农商银行,金融理财,https://app.mi.com/details?id=com.hundsun.mobile.hsbrowsertest
五花牛股票,金融理财,https://app.mi.com/details?id=com.chenxikeji.cwp.whngp
广发期货小添财,金融理财,https://app.mi.com/details?id=com.gfqh.guangfa
国泰君安君弘,金融理财,https://app.mi.com/details?id=com.guotai.dazhihui
好好记账-自动记账,金融理财,https://app.mi.com/details?id=com.wihaohao.account
众安小贷,金融理财,https://app.mi.com/details?id=com.zaxd.loan
乐刷极速版,金融理财,https://app.mi.com/details?id=com.yeahka.leshangpay
辽宁振兴银行,金融理财,https://app.mi.com/details?id=com.newup.mobile.iap
宁波银行直销银行,金融理财,https://app.mi.com/details?id=com.wefax.nbank
众邦银行,金融理财,https://app.mi.com/details?id=com.csii.zbdirect
工银瑞信基金,金融理财,https://app.mi.com/details?id=com.gongyinruixin
金城银行,金融理财,https://app.mi.com/details?id=com.cn.tjjcdirectbank
你我贷借款,金融理财,https://app.mi.com/details?id=com.niwodai.universityloan
中邮钱包,金融理财,https://app.mi.com/details?id=com.youcash.ZYWallet
千策云智投,金融理财,https://app.mi.com/details?id=com.djc.qcyzt
西安银行,金融理财,https://app.mi.com/details?id=com.yitong.xian.mbank
钛媒体,金融理财,https://app.mi.com/details?id=com.businessvalue.android.app
老板记账,金融理财,https://app.mi.com/details?id=com.boss.bk
携程金融,金融理财,https://app.mi.com/details?id=com.ctrip.jr
e海通财,金融理财,https://app.mi.com/details?id=com.android.haitong
预测赢家-证券股票软件,金融理财,https://app.mi.com/details?id=com.ycyj
华宝基金,金融理财,https://app.mi.com/details?id=com.hbxyfund.android
福家享受,金融理财,https://app.mi.com/details?id=uni.UNIFDB343D
河南方城凤裕村镇银行,金融理财,https://app.mi.com/details?id=com.iss.hnlscbank
股市赢家,金融理财,https://app.mi.com/details?id=com.lanyi.live.advertisement
好分期,金融理财,https://app.mi.com/details?id=com.renrendai.haohuan
电e宝,金融理财,https://app.mi.com/details?id=cn.com.htjc.pay
百兴贷,金融理财,https://app.mi.com/details?id=com.bxbank.enterprise
壹隆环球,金融理财,https://app.mi.com/details?id=com.cmbi.zytx
信管家记账,金融理财,https://app.mi.com/details?id=com.house.kepper
华泰证券行知,金融理财,https://app.mi.com/details?id=com.htsc.instapp
宁波东海银行,金融理财,https://app.mi.com/details?id=com.iss.nbdhbank
珠江直销银行,金融理财,https://app.mi.com/details?id=com.grcbank.zxbank
鹏扬好基通-基金投资理财平台,金融理财,https://app.mi.com/details?id=com.pengyang.retail.hjt_plus_flutter
招银汇金,金融理财,https://app.mi.com/details?id=com.cmbchina.gold
有道财富--悄悄变富有,金融理财,https://app.mi.com/details?id=com.finace.market
太平通,金融理财,https://app.mi.com/details?id=com.cntaiping.tpapp
青海农信,金融理财,https://app.mi.com/details?id=com.qhrc.mbank
慧择保险网,金融理财,https://app.mi.com/details?id=com.hzins.mobile
度小满金融,金融理财,https://app.mi.com/details?id=com.duxiaoman.wallet
还呗,金融理财,https://app.mi.com/details?id=com.shuhekeji
记账助手,金融理财,https://app.mi.com/details?id=com.chenupt.money
微博钱包-分期信用贷款借钱服务,金融理财,https://app.mi.com/details?id=com.wj.wallet
苏宁金融,金融理财,https://app.mi.com/details?id=com.suning.mobile.epa
光大银行,金融理财,https://app.mi.com/details?id=com.cebbank.mobile.cemb
波段神器,金融理财,https://app.mi.com/details?id=com.main.hz.yftd
度小满理财,金融理财,https://app.mi.com/details?id=com.baidu.finance
领涨财讯,金融理财,https://app.mi.com/details?id=com.eafutures.shlingzhang
鄞州银行,金融理财,https://app.mi.com/details?id=com.csii.yzbank
信银理财,金融理财,https://app.mi.com/details?id=com.citicwealth.fintech
摇钱术至尊版,金融理财,https://app.mi.com/details?id=com.topcj.supermoneytree
钱多美,金融理财,https://app.mi.com/details?id=com.juzi.jmx
缤纷生活,金融理财,https://app.mi.com/details?id=com.forms
萝卜投研-股票研报行情数据,金融理财,https://app.mi.com/details?id=com.datayes.irr
泰安银行,金融理财,https://app.mi.com/details?id=com.iss.taianbank
日照银行,金融理财,https://app.mi.com/details?id=com.iss.rizhaobank
长安bank,金融理财,https://app.mi.com/details?id=com.iss.changanbank
鄂尔多斯银行,金融理财,https://app.mi.com/details?id=com.sccba.ordosbank
E动生命,金融理财,https://app.mi.com/details?id=com.sinolife.app
齐商银行,金融理财,https://app.mi.com/details?id=com.iss.qishangbank
省呗-小额低息借贷,金融理财,https://app.mi.com/details?id=com.samoyed.credit
搭伙保险,金融理财,https://app.mi.com/details?id=com.djcx.dahuo
陆基金,金融理财,https://app.mi.com/details?id=com.lufax.lufunds
通达信-炒股票指标选股开户,金融理财,https://app.mi.com/details?id=com.tdx.AndroidNew
东营银行,金融理财,https://app.mi.com/details?id=com.iss.dongyingbank
番茄聊天,聊天社交,https://app.mi.com/details?id=com.fqjbpqtz.fqjb
艺百,聊天社交,https://app.mi.com/details?id=com.sctjj.dance
对爱相亲,聊天社交,https://app.mi.com/details?id=com.fanjin.live
盲盒漂流瓶,聊天社交,https://app.mi.com/details?id=com.yangjiu.plp.app
谁是凶手,聊天社交,https://app.mi.com/details?id=com.who.android
密爱,聊天社交,https://app.mi.com/details?id=com.miai.data
千千电话,聊天社交,https://app.mi.com/details?id=com.lz.mycall
老来,聊天社交,https://app.mi.com/details?id=com.laolaiwangtech
恋爱语音,聊天社交,https://app.mi.com/details?id=com.dale.bobo
聊圈,聊天社交,https://app.mi.com/details?id=talkcircle.chat
kizzik,聊天社交,https://app.mi.com/details?id=com.harter.project.alqi
黄瓜视频交友,聊天社交,https://app.mi.com/details?id=com.xy.huanggua
假面app,聊天社交,https://app.mi.com/details?id=com.yibankeji.mask
星光聊天,聊天社交,https://app.mi.com/details?id=com.zx.starlightchat
花灯聊天交友,聊天社交,https://app.mi.com/details?id=com.xiaosuiyue.huadeng
宠宠窝,聊天社交,https://app.mi.com/details?id=com.yrz.ccw
人生手册-交流人生&middot;遇见知己,聊天社交,https://app.mi.com/details?id=com.butongapp.butong
枪战圈,聊天社交,https://app.mi.com/details?id=com.qiangzhanquan.app
趣咪约玩,聊天社交,https://app.mi.com/details?id=com.sonar.qumi
论否,聊天社交,https://app.mi.com/details?id=tech.nani.www.nani
嗨呀-语音交友,聊天社交,https://app.mi.com/details?id=com.qumitech.hiya
Hilamg,聊天社交,https://app.mi.com/details?id=com.purechat.hilamg
咔咔语音,聊天社交,https://app.mi.com/details?id=com.xunyinhd.kakayy
族聊,聊天社交,https://app.mi.com/details?id=com.kuaiyanky.homechat
细胞,聊天社交,https://app.mi.com/details?id=com.cytw.cell
Walsea,聊天社交,https://app.mi.com/details?id=com.huyan.walsea
探探,聊天社交,https://app.mi.com/details?id=com.p1.mobile.putong
聊喻&mdash;&mdash;一对一语音连麦情感咨询,聊天社交,https://app.mi.com/details?id=com.health.liaoyu
恰好聊天交友,聊天社交,https://app.mi.com/details?id=com.taqu.bnqz
举荐官,聊天社交,https://app.mi.com/details?id=com.largelistdemo
橙,聊天社交,https://app.mi.com/details?id=io.iftech.match
行业协会,聊天社交,https://app.mi.com/details?id=com.gong_wei.association
友帮,聊天社交,https://app.mi.com/details?id=com.exmart.friendbang
崽崽ZEPETO,聊天社交,https://app.mi.com/details?id=cn.zepeto.main
嗨呀星球-聊天交友,聊天社交,https://app.mi.com/details?id=com.qumitech.hiyastar
FateU,聊天社交,https://app.mi.com/details?id=cn.com.fateu.fateu
闪约,聊天社交,https://app.mi.com/details?id=cn.mimilive.xianyu
嘿米,聊天社交,https://app.mi.com/details?id=com.wanhe.heimi
一点,聊天社交,https://app.mi.com/details?id=com.bittimes.yidian
南瓜视频,聊天社交,https://app.mi.com/details?id=com.hfhuanku.ypqa
声撩,聊天社交,https://app.mi.com/details?id=com.chuan.ssliao
人人直播,聊天社交,https://app.mi.com/details?id=com.renren.mobile.android
一起剧本杀,聊天社交,https://app.mi.com/details?id=com.youkagames.murdermystery
Aha,聊天社交,https://app.mi.com/details?id=com.hithway.aha
K星球,聊天社交,https://app.mi.com/details?id=com.dianyingker.movie
走么Go,聊天社交,https://app.mi.com/details?id=com.jimai.gobbs
秒聊,聊天社交,https://app.mi.com/details?id=com.rs.club
组CP-语音交友,聊天社交,https://app.mi.com/details?id=me.ddkj.cp
Togoo,聊天社交,https://app.mi.com/details?id=com.zerophil.togoo
号号,聊天社交,https://app.mi.com/details?id=cn.hhq.chat
邑生活,聊天社交,https://app.mi.com/details?id=com.wishare.smartcommunityforyishenghuo
优皮派对-感知温度和有趣的灵魂,聊天社交,https://app.mi.com/details?id=com.live.uparty
派对岛,聊天社交,https://app.mi.com/details?id=com.bytedance.android.pi
鲸鱼配音,聊天社交,https://app.mi.com/details?id=com.dub.piaxi
PicoPico-在线恋爱主题乐园,聊天社交,https://app.mi.com/details?id=com.xintiaotime.yoy
云信,聊天社交,https://app.mi.com/details?id=com.yx.talk
织语交友,聊天社交,https://app.mi.com/details?id=com.flakesnet.zhiyu
颜聊,聊天社交,https://app.mi.com/details?id=com.VideoCall.GuangShu
同城约会,聊天社交,https://app.mi.com/details?id=com.netease.citydate
声洞,聊天社交,https://app.mi.com/details?id=com.yinpai
热遇,聊天社交,https://app.mi.com/details?id=city.netplanet.reyu
水产通,聊天社交,https://app.mi.com/details?id=com.shuichantong
中华志愿者,聊天社交,https://app.mi.com/details?id=com.lebo.cnvolunteer
多多开黑,聊天社交,https://app.mi.com/details?id=com.ruiliheng.duoduo
漂流瓶极速版,聊天社交,https://app.mi.com/details?id=com.hysteria.bottle
拍拍语音,聊天社交,https://app.mi.com/details?id=com.aoyou.victory_android
嗨皮星球-连麦语音聊天室交友,聊天社交,https://app.mi.com/details?id=ltd.zucp.happy
西西语音,聊天社交,https://app.mi.com/details?id=com.ppyuewan.peiwan
他趣-自由派对在线约会,聊天社交,https://app.mi.com/details?id=com.xingjiabi.shengsheng
芷恋语音,聊天社交,https://app.mi.com/details?id=com.xsvideoLive.www
媚聊交友,聊天社交,https://app.mi.com/details?id=com.yanzhiyu.dahai
织音-语音唱歌相亲交友app,聊天社交,https://app.mi.com/details?id=com.cd.eate.ktv
个性情侣头像,聊天社交,https://app.mi.com/details?id=com.zjyl.head
烟雨佳人-同城轻奢交友圈,聊天社交,https://app.mi.com/details?id=com.juwei.chat
目鹿,聊天社交,https://app.mi.com/details?id=com.mulook.mloyful_app
哩咔语音,聊天社交,https://app.mi.com/details?id=com.ourydc.yuebaobao
中乐之声&mdash;HIFI音响社区,聊天社交,https://app.mi.com/details?id=com.chinaauidonativeapp
碧喜,聊天社交,https://app.mi.com/details?id=com.kainei.bixi
鱼耳语音-声控推理交友app,聊天社交,https://app.mi.com/details?id=com.yupaopao.yuer
花遥,聊天社交,https://app.mi.com/details?id=com.ysp.cn
Uini,聊天社交,https://app.mi.com/details?id=com.zhuomuniao.uini
甜筒连麦声音交友,聊天社交,https://app.mi.com/details?id=com.yuyin.live.voice
圈遇,聊天社交,https://app.mi.com/details?id=com.quanyu.player
扬中本地头条,聊天社交,https://app.mi.com/details?id=com.yzbditt.forum
伊对交友,聊天社交,https://app.mi.com/details?id=cn.iyidui
不鸽语音-年轻人的语音陪伴社区,聊天社交,https://app.mi.com/details?id=com.chinaesport.bugegaming
团团电竞,聊天社交,https://app.mi.com/details?id=com.phn.tuantuan
有信,聊天社交,https://app.mi.com/details?id=com.yx
耳悦语音,聊天社交,https://app.mi.com/details?id=com.wuyeyu.kp
路太漫长,聊天社交,https://app.mi.com/details?id=socontact.com
锦江在线,旅行交通,https://app.mi.com/details?id=com.jinjiangonline.shanghai.unify
慧停车+,旅行交通,https://app.mi.com/details?id=com.rpms.uaandroid
桃花源家族,旅行交通,https://app.mi.com/details?id=com.xx.thy
福田e家,旅行交通,https://app.mi.com/details?id=com.foton.almighty
智能公交,旅行交通,https://app.mi.com/details?id=com.edcsc.wbus
轮渡管家,旅行交通,https://app.mi.com/details?id=com.hngh.app
阿拉丁温泉,旅行交通,https://app.mi.com/details?id=com.isgala.spring
若途旅行,旅行交通,https://app.mi.com/details?id=com.qdruotu.app
宿州停车,旅行交通,https://app.mi.com/details?id=com.tingche.sztc
天际汽车,旅行交通,https://app.mi.com/details?id=com.enovatemotors.newretail
舒城通,旅行交通,https://app.mi.com/details?id=com.fhkj.shucheng
游侠客旅行,旅行交通,https://app.mi.com/details?id=com.youxiake
知行约位,旅行交通,https://app.mi.com/details?id=com.park.kx.client
大易司机,旅行交通,https://app.mi.com/details?id=cn.trxxkj.trwuliu.driver
小特,旅行交通,https://app.mi.com/details?id=com.xiaote
奥维测绘地图,旅行交通,https://app.mi.com/details?id=com.ventus.map
VRFLY,旅行交通,https://app.mi.com/details?id=com.yispace.tenfly
赤途冷链,旅行交通,https://app.mi.com/details?id=io.dcloud.chitu
小拉出行司机版,旅行交通,https://app.mi.com/details?id=com.xiaolachuxing.driver
小拉出行,旅行交通,https://app.mi.com/details?id=com.xiaolachuxing.user
小熊自驾,旅行交通,https://app.mi.com/details?id=cn.fjdskj.zj
在途商旅,旅行交通,https://app.mi.com/details?id=cn.ztrip
公交颍州通,旅行交通,https://app.mi.com/details?id=com.pandabus.android.fuyang
西海岸公交e行,旅行交通,https://app.mi.com/details?id=com.zhenqingtech.xihaian
怿途天下,旅行交通,https://app.mi.com/details?id=com.yitutianxia.app
Mercedes me,旅行交通,https://app.mi.com/details?id=com.daimler.ris.mercedesme.cn.android
长隆旅游,旅行交通,https://app.mi.com/details?id=com.eventmosh.changlong
卿卿,旅行交通,https://app.mi.com/details?id=com.hm.qinqin
礼帽出行,旅行交通,https://app.mi.com/details?id=com.limao.passenger
SERES赛力斯,旅行交通,https://app.mi.com/details?id=cn.seres
有象工友,旅行交通,https://app.mi.com/details?id=com.jintu.youxiangchuxing
全能指南针,旅行交通,https://app.mi.com/details?id=com.lyracss.supercompass
腾讯地图,旅行交通,https://app.mi.com/details?id=com.tencent.map
T3车主,旅行交通,https://app.mi.com/details?id=com.t3go.driver
小二占位,旅行交通,https://app.mi.com/details?id=com.hw.pcpp
便捷青岛,旅行交通,https://app.mi.com/details?id=com.bsit.coband
盛名时刻表,旅行交通,https://app.mi.com/details?id=smskb.com
丝路车检,旅行交通,https://app.mi.com/details?id=com.xinty.driver
趣兜风,旅行交通,https://app.mi.com/details?id=com.chemeng.roadbook
运输圈货主,旅行交通,https://app.mi.com/details?id=com.huayun.transport.consignor
光彩龙驹司机,旅行交通,https://app.mi.com/details?id=com.gcsz.lxdriver
丰云行,旅行交通,https://app.mi.com/details?id=com.yongyou
周末酒店,旅行交通,https://app.mi.com/details?id=com.zmjiudian.whotel
T3出行,旅行交通,https://app.mi.com/details?id=com.t3go.passenger
花椒车服,旅行交通,https://app.mi.com/details?id=cn.com.ttcbh
芜优出行,旅行交通,https://app.mi.com/details?id=com.yidingyun.WitParking
3D街景地图VR,旅行交通,https://app.mi.com/details?id=com.fview.dstreet
街景卫星全景地图,旅行交通,https://app.mi.com/details?id=com.qianniu.streetscape
E车E卡,旅行交通,https://app.mi.com/details?id=com.wanglan.card
飞凡汽车,旅行交通,https://app.mi.com/details?id=com.saicmotor.r
山水途,旅行交通,https://app.mi.com/details?id=com.syt.fjmx
林肯之道,旅行交通,https://app.mi.com/details?id=com.lincoln.lincolnwaycn
株洲通,旅行交通,https://app.mi.com/details?id=com.tiamaes.tmbus.zhuzhou
武汉TAXI司机端,旅行交通,https://app.mi.com/details?id=com.wuhan.taxidriver
存知己寄存,旅行交通,https://app.mi.com/details?id=com.cunzhijiapp
叮功司机,旅行交通,https://app.mi.com/details?id=com.ynnskj.dinggong
出行南宁,旅行交通,https://app.mi.com/details?id=com.nnsmartcity.travle
手机查车,旅行交通,https://app.mi.com/details?id=cn.monitor
捷途汽车,旅行交通,https://app.mi.com/details?id=com.jetour.traveller
乐图,旅行交通,https://app.mi.com/details?id=com.gpslook
DT加油,旅行交通,https://app.mi.com/details?id=com.mydt.dtgas
路路通,旅行交通,https://app.mi.com/details?id=com.lltskb.lltskb
墨鱼旅行,旅行交通,https://app.mi.com/details?id=com.moyu.moyu
天津地铁,旅行交通,https://app.mi.com/details?id=com.bwton.tjmetro
威马智行,旅行交通,https://app.mi.com/details?id=com.wm.motor
快看高清街景,旅行交通,https://app.mi.com/details?id=com.befun.lookworld
摩猩人,旅行交通,https://app.mi.com/details?id=himrx.com2020
专塑物流,旅行交通,https://app.mi.com/details?id=com.zswl.logistics
专塑物流司机,旅行交通,https://app.mi.com/details?id=com.zswl.driver
申程出行司机,旅行交通,https://app.mi.com/details?id=cn.shcab.driver
GPS手机导航,旅行交通,https://app.mi.com/details?id=cn.dlapp.navigation
上汽大众,旅行交通,https://app.mi.com/details?id=com.svw.sc.mos
途众好车,旅行交通,https://app.mi.com/details?id=peace.bird.shop
危化镖局-物流货运,旅行交通,https://app.mi.com/details?id=com.danger
差旅管家,旅行交通,https://app.mi.com/details?id=com.ceekee.steward
北斗牛导航地图,旅行交通,https://app.mi.com/details?id=com.neptune.tmap
高清卫星街景地图,旅行交通,https://app.mi.com/details?id=com.fnmei.gqwxjj
程多多,旅行交通,https://app.mi.com/details?id=plus.H5569E9073
航旅飞客,旅行交通,https://app.mi.com/details?id=com.gohnstudio.tmc
e高速,旅行交通,https://app.mi.com/details?id=com.sdhs.easy.high.road
中国地图,旅行交通,https://app.mi.com/details?id=com.zx.map
优信二手车,旅行交通,https://app.mi.com/details?id=com.uxin.usedcar
柒个贰生活,旅行交通,https://app.mi.com/details?id=com.compangy.btlhsk
徐州市停车,旅行交通,https://app.mi.com/details?id=com.xzzhtc.park
优你达货运,旅行交通,https://app.mi.com/details?id=com.tms.yunshuquan
花小猪打车,旅行交通,https://app.mi.com/details?id=com.huaxiaozhu.rider
豫上高速,旅行交通,https://app.mi.com/details?id=com.emaker.apps.hngs
SCO,旅行交通,https://app.mi.com/details?id=com.zsyc.h5app.sco
全球高清街景软件,旅行交通,https://app.mi.com/details?id=com.qqgqjj.wxdtf
我找车司机,旅行交通,https://app.mi.com/details?id=com.saimawzc.freight
匠小佐,居家生活,https://app.mi.com/details?id=cn.jxz.app
小金豆,居家生活,https://app.mi.com/details?id=com.jdd966.xiaojindou
瑞幸咖啡,居家生活,https://app.mi.com/details?id=com.lucky.luckyclient
莉家生活,居家生活,https://app.mi.com/details?id=com.lijiazhengli.declutterclient
法拍圈-司法拍卖房产服务平台,居家生活,https://app.mi.com/details?id=com.yaocheng.foreclosureCircle.app
三维家设计师-室内家居设计软件,居家生活,https://app.mi.com/details?id=com.vjia.designer
裹小递配送员,居家生活,https://app.mi.com/details?id=cn.ccmore.move.driver
墨迹天气,居家生活,https://app.mi.com/details?id=com.moji.mjweather
安心装,居家生活,https://app.mi.com/details?id=com.haoniu.anxinzhuang
皖事通,居家生活,https://app.mi.com/details?id=com.iflytek.oshall.ahzwfw
本地天气,居家生活,https://app.mi.com/details?id=com.justexception.loc_weather
橙子校园,居家生活,https://app.mi.com/details?id=com.cqgynet.collegecircle
i 绵阳,居家生活,https://app.mi.com/details?id=com.pingan.imianyang
永升活,居家生活,https://app.mi.com/details?id=com.yongsheng.uhome
美墅,居家生活,https://app.mi.com/details?id=com.uphom.house
呼房网,居家生活,https://app.mi.com/details?id=com.hufang.android.app
幸福里,居家生活,https://app.mi.com/details?id=com.f100.android
AOS,居家生活,https://app.mi.com/details?id=com.txaos.agent
喜云-装修设计必备,居家生活,https://app.mi.com/details?id=com.dilitechcompany.zxbretail
蓝犀牛搬家,居家生活,https://app.mi.com/details?id=cn.bluerhino.housemoving
智慧E家人,居家生活,https://app.mi.com/details?id=guan.yuanyu.com
蓝犀牛司机端,居家生活,https://app.mi.com/details?id=cn.bluerhino.driver
工小为,居家生活,https://app.mi.com/details?id=uni.UNI3BA0CC0
Polestar极星,居家生活,https://app.mi.com/details?id=com.polestar.china.android
三翼鸟,居家生活,https://app.mi.com/details?id=com.haier.uhome.sybird
雅观灯控,居家生活,https://app.mi.com/details?id=ai.argrace.remotecontrol
东南青年汇,居家生活,https://app.mi.com/details?id=com.SoutheastApartment.qnh
啄木鸟维修,居家生活,https://app.mi.com/details?id=zmn.user.jtwxs
下厨房,居家生活,https://app.mi.com/details?id=com.xiachufang
商合找铺,居家生活,https://app.mi.com/details?id=com.somhe.zhaopu
啄木鸟家电维修-家电维修安装,居家生活,https://app.mi.com/details?id=uni.UNI65E09D3
申泰智家-万博旗下家居平台,居家生活,https://app.mi.com/details?id=com.aliboujydgegw0113
我爱我家,居家生活,https://app.mi.com/details?id=com.wawj.app.t
善品无忧,居家生活,https://app.mi.com/details?id=com.ett.box
美好生活家园,居家生活,https://app.mi.com/details?id=com.chuizi.brawlive
神农万年历,居家生活,https://app.mi.com/details?id=com.quli.snwnl
中国天气,居家生活,https://app.mi.com/details?id=com.hf
ROKI智能烹饪,居家生活,https://app.mi.com/details?id=com.robam.roki
来伊份,居家生活,https://app.mi.com/details?id=com.umaman.laiyifen
噢啦回收,居家生活,https://app.mi.com/details?id=com.gzleihou.oolagongyi
美凯龙爱家,居家生活,https://app.mi.com/details?id=com.mkl.mkllovehome
产城百事通,居家生活,https://app.mi.com/details?id=com.dzq.ccsk
顺心万年历,居家生活,https://app.mi.com/details?id=com.pingdiguo.calendar
Dreamehome,居家生活,https://app.mi.com/details?id=com.dreame.smartlife
邻里邦,居家生活,https://app.mi.com/details?id=cn.timesneighborhood.app.c
酷家乐设计师,居家生活,https://app.mi.com/details?id=com.qunhe.designer
知吾煮,居家生活,https://app.mi.com/details?id=com.chunmi.kcooker
诸葛万年历,居家生活,https://app.mi.com/details?id=com.geek.luck.calendar.app
乐乎公寓,居家生活,https://app.mi.com/details?id=com.lefull.tenant
智爱家,居家生活,https://app.mi.com/details?id=com.ziroom.awesome
学做饭,居家生活,https://app.mi.com/details?id=cn.ecookxuezuofan
公证选房,居家生活,https://app.mi.com/details?id=com.tl.houseinfo
无忧经纪人,居家生活,https://app.mi.com/details?id=cn.yunjj.app.agent
浦惠到家,居家生活,https://app.mi.com/details?id=com.baoli.blzj
安家GO-买卖新房二手房租房子,居家生活,https://app.mi.com/details?id=com.haofang.anjia
徐房信息网-徐州新房二手房,居家生活,https://app.mi.com/details?id=com.xfxx.xzhouse
大美仁寿,居家生活,https://app.mi.com/details?id=com.yida.dailynews.rs
京日管家,居家生活,https://app.mi.com/details?id=com.jrzfApp
美的美居,居家生活,https://app.mi.com/details?id=com.midea.ai.appliances
本地宝,居家生活,https://app.mi.com/details?id=com.bendibao
无忧找房,居家生活,https://app.mi.com/details?id=cn.yunjj.app.customer
邻店网,居家生活,https://app.mi.com/details?id=com.lindian.user
Moon月球,居家生活,https://app.mi.com/details?id=com.shadow.mooncake
日历通,居家生活,https://app.mi.com/details?id=com.lu.calendar
我城许昌,居家生活,https://app.mi.com/details?id=com.xdt.xudutong
如意天气,居家生活,https://app.mi.com/details?id=com.ark.luckyweather.cn
快小厨,居家生活,https://app.mi.com/details?id=com.quick.cook
看房日记,居家生活,https://app.mi.com/details?id=com.fanggeek.agent
百家万年历,居家生活,https://app.mi.com/details?id=cn.rili.bjwnl
名厨之家,居家生活,https://app.mi.com/details?id=cn.cookhome.mcapp
五福万年历,居家生活,https://app.mi.com/details?id=com.baige.fivefwnl
车行易查违章,居家生活,https://app.mi.com/details?id=com.violationquery
祈福万年历,居家生活,https://app.mi.com/details?id=com.qiguan.qifwnl
票星球,居家生活,https://app.mi.com/details?id=com.piaoyou.piaoxingqiu
15日天气预报,居家生活,https://app.mi.com/details?id=com.tianqiyubao2345
加油生活,居家生活,https://app.mi.com/details?id=com.guanpinkeji.tiantianjiayou
甘邻,居家生活,https://app.mi.com/details?id=com.ganlin.app
2345天气王,居家生活,https://app.mi.com/details?id=com.tianqi2345
查车况,居家生活,https://app.mi.com/details?id=cn.kunpengnet.vin
繁星,居家生活,https://app.mi.com/details?id=com.seewell.leasing.bclstarry
平安好车主,居家生活,https://app.mi.com/details?id=com.pingan.carowner
小菲家政信息,居家生活,https://app.mi.com/details?id=com.xiaofei.benben
阿姨帮,居家生活,https://app.mi.com/details?id=com.ayibang.ayb
云邻社区,居家生活,https://app.mi.com/details?id=com.mideadc.wy
舌尖安全网,居家生活,https://app.mi.com/details?id=com.zztlhy.log.mclz.safe
睿住社区,居家生活,https://app.mi.com/details?id=com.mideazy.remac.community
咸阳住保,居家生活,https://app.mi.com/details?id=plus.H588FA536
奇妙天气,居家生活,https://app.mi.com/details?id=com.ark.fantasyweather.cn
建E网,居家生活,https://app.mi.com/details?id=com.jiane.mm
我的长沙,居家生活,https://app.mi.com/details?id=com.changsha.apps.android.mycs
小米画报,实用工具,https://app.mi.com/details?id=com.mfashiongallery.emag
米仓,实用工具,https://app.mi.com/details?id=com.micang.read
365清理精灵,实用工具,https://app.mi.com/details?id=com.mop.cleaneveryday
手机放大镜,实用工具,https://app.mi.com/details?id=cn.jinrishuiyin.fangda
MIGO NTSC自动生成器软件,实用工具,https://app.mi.com/details?id=com.ntsc.app
云检bd端,实用工具,https://app.mi.com/details?id=cn.ysbang.spectrum
腾讯游戏管家-游戏启动黑科技,实用工具,https://app.mi.com/details?id=com.tencent.gamestick
番茄少年,实用工具,https://app.mi.com/details?id=net.qihoo.honghu
360浏览器,实用工具,https://app.mi.com/details?id=com.qihoo.browser
ArtPro,实用工具,https://app.mi.com/details?id=app.art.best
微商货源,实用工具,https://app.mi.com/details?id=com.source.wharf
历史知识,实用工具,https://app.mi.com/details?id=cn.liusenhu.history
一键清理精灵,实用工具,https://app.mi.com/details?id=com.mop.cleanelf
安抖本地生活,实用工具,https://app.mi.com/details?id=com.OgrinterProducts
时间显示,实用工具,https://app.mi.com/details?id=com.moom.times
好运锦鲤王,实用工具,https://app.mi.com/details?id=cute.cat.goodluckcykoi
搜狗输入法,实用工具,https://app.mi.com/details?id=com.sohu.inputmethod.sogou
看了吧,实用工具,https://app.mi.com/details?id=com.ewbgx.videoplayer
锦鲤运动走,实用工具,https://app.mi.com/details?id=lucky.apple.healthkoibaby
多福盒子,实用工具,https://app.mi.com/details?id=com.zs.duofu
车牌选号助手,实用工具,https://app.mi.com/details?id=com.axxt2i.gtgerhp
e浏览器-极速上网,实用工具,https://app.mi.com/details?id=com.ledu.ebrowser
东楚通,实用工具,https://app.mi.com/details?id=cn.gov.huangshi.dct
恋人清单,实用工具,https://app.mi.com/details?id=com.sfsm.unisdk.loverecord
朋友圈不折叠,实用工具,https://app.mi.com/details?id=com.jt.unfold
倒数时光-倒数日纪念日倒计时,实用工具,https://app.mi.com/details?id=com.liangze.countdownday
杰夫与友J1,实用工具,https://app.mi.com/details?id=com.jeff.controller
充电贝,实用工具,https://app.mi.com/details?id=com.battery.miduo
测亩宝,实用工具,https://app.mi.com/details?id=com.gago.ant
桂聘,实用工具,https://app.mi.com/details?id=com.vvjob.m
网吧管家,实用工具,https://app.mi.com/details?id=com.sicent.app.boss
灵犀时光,实用工具,https://app.mi.com/details?id=com.mengqianyun.lxtvaudio
房贷计算器,实用工具,https://app.mi.com/details?id=org.zcb.calculator
全球高清3D街景,实用工具,https://app.mi.com/details?id=com.smart.street
调音器,实用工具,https://app.mi.com/details?id=com.xinmang.guitar.tuner
小米电视助手,实用工具,https://app.mi.com/details?id=com.xiaomi.mitv.phone.tvassistant
如意宝宝起名取名,实用工具,https://app.mi.com/details?id=net.zxfqimingjieming.android
项目屋,实用工具,https://app.mi.com/details?id=com.xmwchina.seller
AirMirror,实用工具,https://app.mi.com/details?id=com.sand.airmirror
贵州数字乡村,实用工具,https://app.mi.com/details?id=com.lbcy.house_info
真农网,实用工具,https://app.mi.com/details?id=cn.farmtruth.newapp
小刻,实用工具,https://app.mi.com/details?id=com.joey.stamp
来电视频铃声,实用工具,https://app.mi.com/details?id=com.ld.ring
知星,实用工具,https://app.mi.com/details?id=com.qiufen.zhixing
ABM,实用工具,https://app.mi.com/details?id=com.dt.abm
火花字酷,实用工具,https://app.mi.com/details?id=cn.huohua.shizi
神奇手机管家,实用工具,https://app.mi.com/details?id=com.mobikeeper.sjgj
恋爱计时器,实用工具,https://app.mi.com/details?id=com.ltwy.lianaijishi
血压医生,实用工具,https://app.mi.com/details?id=com.health.yanhe.doctor
悟空修音,实用工具,https://app.mi.com/details?id=com.huoji.easyaudio
普莱诺睛灵,实用工具,https://app.mi.com/details?id=com.plano.planocn
付惠吧展业,实用工具,https://app.mi.com/details?id=app.fhb.proxy
妙妙触控,实用工具,https://app.mi.com/details?id=com.opq.wonderfultouch
国粮牛羊,实用工具,https://app.mi.com/details?id=com.ntc.glny
FinTest,实用工具,https://app.mi.com/details?id=com.fintester
叫叫口算,实用工具,https://app.mi.com/details?id=com.jojoread.JoJoCalculate
赤途承运端,实用工具,https://app.mi.com/details?id=io.dcloud.chitudriver
鲁大师,实用工具,https://app.mi.com/details?id=com.ludashi.benchmark
星萌免费小说,实用工具,https://app.mi.com/details?id=com.szjyhl.fiction
水印打卡相机,实用工具,https://app.mi.com/details?id=com.viyiu.watermarkpunchcamera
优悠保,实用工具,https://app.mi.com/details?id=com.youyoubaoxian.ua
茅台镇酒防伪溯源,实用工具,https://app.mi.com/details?id=com.zhlm.maotaiauthenticate
掌上批发,实用工具,https://app.mi.com/details?id=cn.pospal.www.android_phone_pos.newWholesale
付惠吧商户,实用工具,https://app.mi.com/details?id=app.fhb.cn
长沙人才,实用工具,https://app.mi.com/details?id=com.changsha.gov.cn.csrcapp
智慧仙桃,实用工具,https://app.mi.com/details?id=com.renrbang.wmxt
商徒聚客,实用工具,https://app.mi.com/details?id=com.sherto.stjk
文件管理君,实用工具,https://app.mi.com/details?id=com.yangwei.filesmanager
房冠,实用工具,https://app.mi.com/details?id=com.fangkeyunji.fangguan
快易清理,实用工具,https://app.mi.com/details?id=com.kuaiyi.cleaner.qingli.kyql
养犬执法,实用工具,https://app.mi.com/details?id=com.zhichongjia.petadminproject
起量符,实用工具,https://app.mi.com/details?id=com.qiliangfu.zl
日日顺到家,实用工具,https://app.mi.com/details?id=com.rrsapp
私家云,实用工具,https://app.mi.com/details?id=com.cm.weixiangji
图司机,实用工具,https://app.mi.com/details?id=com.tsj.mmm
钢银助手,实用工具,https://app.mi.com/details?id=com.mysteel.banksteeltwo
UC浏览器,实用工具,https://app.mi.com/details?id=com.UCMobile
商瑞智能照明,实用工具,https://app.mi.com/details?id=com.sengled.smartbiz
个人所得税速算,实用工具,https://app.mi.com/details?id=com.yol4w.yuq.q8o
OurPlay加速器-PUBG2抢先畅玩,实用工具,https://app.mi.com/details?id=com.excean.splay
婚礼乎请柬,实用工具,https://app.mi.com/details?id=com.h5.hunlihu
同语学堂,实用工具,https://app.mi.com/details?id=uni.UNIA4BF540
WiFi万能钥匙极速版,实用工具,https://app.mi.com/details?id=com.snda.lantern.wifilocating
音频剪辑助手,实用工具,https://app.mi.com/details?id=com.bplayxs.musicutLanse
桥为人商城,实用工具,https://app.mi.com/details?id=com.uuuqwrrl.android
禧小保,实用工具,https://app.mi.com/details?id=com.xinxii.broker
成信通,实用工具,https://app.mi.com/details?id=io.dcloud.H5EF5B756
人文远程桌面,实用工具,https://app.mi.com/details?id=com.rwen.rwenrdp
图片转文字助手,实用工具,https://app.mi.com/details?id=com.appbgy.pictextgren
语音合成配音大师,实用工具,https://app.mi.com/details?id=com.xmsoft.txtsounder
酷拍,摄影摄像,https://app.mi.com/details?id=com.gau.go.launcherex.theme.galaxy
提词流量宝,摄影摄像,https://app.mi.com/details?id=com.xiangyou.teleprompter
装扮次元,摄影摄像,https://app.mi.com/details?id=com.wangdou.prettygirls.dress
我爱提词器,摄影摄像,https://app.mi.com/details?id=com.yixinhb.teleprompter
动图GIF制作,摄影摄像,https://app.mi.com/details?id=com.jiuan.gifmaker
Silimini,摄影摄像,https://app.mi.com/details?id=com.caldron.silimini
抖音极速版-温暖中国年分20亿,摄影摄像,https://app.mi.com/details?id=com.ss.android.ugc.aweme.lite
玩美相机,摄影摄像,https://app.mi.com/details?id=com.perfectcorp.youcamperfectcn
免费去水印软件,摄影摄像,https://app.mi.com/details?id=com.qisi.watemark
去水印精灵,摄影摄像,https://app.mi.com/details?id=com.ft.xvideo
搞定水印相机,摄影摄像,https://app.mi.com/details?id=com.gaoding.mm
MIX滤镜大师,摄影摄像,https://app.mi.com/details?id=com.pinguo.edit.sdk
Vanan,摄影摄像,https://app.mi.com/details?id=com.vanancam.ali
修图P图编辑-拼图,摄影摄像,https://app.mi.com/details?id=com.qew.photo.pro
P图照片抠图-抠图,摄影摄像,https://app.mi.com/details?id=com.photo.images.eraser
轻松易播,摄影摄像,https://app.mi.com/details?id=com.chidaoxian.yibo
工拍拍-工程相机,摄影摄像,https://app.mi.com/details?id=com.kai.gongpaipai
智能修复老照片,摄影摄像,https://app.mi.com/details?id=com.lingbao.photorepaint
表情包大全,摄影摄像,https://app.mi.com/details?id=com.liou.doutu
无忌哥哥水印王-智能水印宝,摄影摄像,https://app.mi.com/details?id=com.leqi.leqi_watermark
B612咔叽,摄影摄像,https://app.mi.com/details?id=com.campmobile.snowcamera
今日打卡水印相机,摄影摄像,https://app.mi.com/details?id=com.lschihiro.watermark
不咕剪辑-Cooclip,摄影摄像,https://app.mi.com/details?id=com.versa.vanilla
爱剪辑手机版,摄影摄像,https://app.mi.com/details?id=com.editor.king.androids
Picsart美易全能编辑器,摄影摄像,https://app.mi.com/details?id=com.picsart.editor
享像派云摄影,摄影摄像,https://app.mi.com/details?id=com.yijiaren.photographer
美图秀秀,摄影摄像,https://app.mi.com/details?id=com.mt.mtxx.mtxx
幸福相册,摄影摄像,https://app.mi.com/details?id=com.gl.happyalbum
享图,摄影摄像,https://app.mi.com/details?id=com.yishunkeji.sharepicture
音画,摄影摄像,https://app.mi.com/details?id=tv.yinhua.main
图片视频剪辑,摄影摄像,https://app.mi.com/details?id=com.bbx.videoedit
言橘,摄影摄像,https://app.mi.com/details?id=com.wscreativity.yanju
奶由壁纸,摄影摄像,https://app.mi.com/details?id=com.naiyoubz.main
轻图,摄影摄像,https://app.mi.com/details?id=com.photovision.camera
元气桌面壁纸,摄影摄像,https://app.mi.com/details?id=com.cmcm.cfwallpaper
印聚礼品照片打印,摄影摄像,https://app.mi.com/details?id=com.dongyo.injoo
医拍即合,摄影摄像,https://app.mi.com/details?id=com.preoperative.postoperative
太空相机,摄影摄像,https://app.mi.com/details?id=com.gau.go.launcherex.theme.Midnight.free
时光小屋,摄影摄像,https://app.mi.com/details?id=com.liveyap.timehut
青柠手帐日记版-便签记事本,摄影摄像,https://app.mi.com/details?id=com.biku.note
兔找找,摄影摄像,https://app.mi.com/details?id=com.byd.tzz
青橙视频,摄影摄像,https://app.mi.com/details?id=com.zhaiteng.shenteng
炫彩表情包,摄影摄像,https://app.mi.com/details?id=com.album.xuancai
封面侠,摄影摄像,https://app.mi.com/details?id=com.xiafresh.android.wxcover
小映音乐相册,摄影摄像,https://app.mi.com/details?id=com.softin.slideshow
黄油相机,摄影摄像,https://app.mi.com/details?id=com.by.butter.camera
自定义水印相机,摄影摄像,https://app.mi.com/details?id=com.helloxj.xlook
小蚁摄像机,摄影摄像,https://app.mi.com/details?id=com.ants360.yicamera
拼图咖,摄影摄像,https://app.mi.com/details?id=com.zixuan.puzzle
爱饰拍,摄影摄像,https://app.mi.com/details?id=com.sww.asp
雏鸟视频,摄影摄像,https://app.mi.com/details?id=com.julyfirday.filtercamera
发型屋,摄影摄像,https://app.mi.com/details?id=com.jm.fxw
映像彩照,摄影摄像,https://app.mi.com/details?id=com.hiyuyi.colorphoto
元道经纬相机,摄影摄像,https://app.mi.com/details?id=com.ydtx.camera
懒人证件照,摄影摄像,https://app.mi.com/details?id=com.readcd.photoid
心旅相机,摄影摄像,https://app.mi.com/details?id=cn.xinlv.photoeditor
轻松去水印,摄影摄像,https://app.mi.com/details?id=com.qqkj66.qsqsy
唯美相册,摄影摄像,https://app.mi.com/details?id=com.yuanli.photoweimei
小视频制作软件,摄影摄像,https://app.mi.com/details?id=com.yl.shortvideomaking
全能去水印,摄影摄像,https://app.mi.com/details?id=vip.qnjx.v
录屏截图精灵,摄影摄像,https://app.mi.com/details?id=com.bolan.luping
海马体照相馆,摄影摄像,https://app.mi.com/details?id=cn.mainto.maintoapp
私人加密相册,摄影摄像,https://app.mi.com/details?id=com.ychymyan.safealbum
一甜相机,摄影摄像,https://app.mi.com/details?id=com.kwai.m2u
图片加相框,摄影摄像,https://app.mi.com/details?id=com.jiuan.frame
白蝴蝶视频,摄影摄像,https://app.mi.com/details?id=com.sdfwq.videoeffects
简拼,摄影摄像,https://app.mi.com/details?id=cn.poco.jane
剪影秀秀,摄影摄像,https://app.mi.com/details?id=com.znycxl.yanzhi
乐秀视频剪辑器,摄影摄像,https://app.mi.com/details?id=com.xvideostudio.videoeditor
秒剪,摄影摄像,https://app.mi.com/details?id=com.tencent.phoenix
小鸟壁纸,摄影摄像,https://app.mi.com/details?id=com.shanhu.wallpaper
云蚁物联,摄影摄像,https://app.mi.com/details?id=com.yunyi.smartcamera
映目云摄影照片直播闪传APP,摄影摄像,https://app.mi.com/details?id=com.ianlon.uphoto
视频豆豆视频剪辑,摄影摄像,https://app.mi.com/details?id=com.kaiqi.videoae
糖图相机,摄影摄像,https://app.mi.com/details?id=com.qtcx.camera
豆奶私人相册-图片91编辑,摄影摄像,https://app.mi.com/details?id=com.fmoduleu.video
老照片修复,摄影摄像,https://app.mi.com/details?id=com.lzpxfzj.android
提词器爱提词,摄影摄像,https://app.mi.com/details?id=com.iccapp.tici
亦乐,摄影摄像,https://app.mi.com/details?id=com.yile
PS作图大师-海报抠图去水印,摄影摄像,https://app.mi.com/details?id=com.pinma.poster
纹身手稿大全,摄影摄像,https://app.mi.com/details?id=com.weimi.wsdk.manuscript
你我当年 - AI修复照片视频画质,摄影摄像,https://app.mi.com/details?id=com.bigwinepot.nwdn
抠图宝,摄影摄像,https://app.mi.com/details?id=hetu.xphoto.cc
羞兔动态壁纸,摄影摄像,https://app.mi.com/details?id=com.felink.videopaper.mi
悦图文案-文案美文句子头像大全,摄影摄像,https://app.mi.com/details?id=com.myapp.happy
鲲图,摄影摄像,https://app.mi.com/details?id=win.sanyuehuakai.bluetooth
X-Hubsan 2,摄影摄像,https://app.mi.com/details?id=com.hubsan.drone
私人空间-隐私相册,摄影摄像,https://app.mi.com/details?id=com.privates.club
慧眼识图,摄影摄像,https://app.mi.com/details?id=com.image.detect
智慧影楼,摄影摄像,https://app.mi.com/details?id=zhihuiyinglou.io
疯读极速版（原扎堆小说）,图书阅读,https://app.mi.com/details?id=com.cootek.literature
腾讯动漫-一人之下热播,图书阅读,https://app.mi.com/details?id=com.qq.ac.android
石油标准,图书阅读,https://app.mi.com/details?id=com.petropub.oilstandard
阅读-海量小说免费,图书阅读,https://app.mi.com/details?id=com.duokan.reader
触漫,图书阅读,https://app.mi.com/details?id=com.mallestudio.gugu.app
趣话小说,图书阅读,https://app.mi.com/details?id=com.cqwkbp.qhxs
樊登读书,图书阅读,https://app.mi.com/details?id=io.dushu.fandengreader
看小说听书,图书阅读,https://app.mi.com/details?id=com.wyfc.itingtxt
疯读小说,图书阅读,https://app.mi.com/details?id=com.cootek.crazyreader
全民畅听,图书阅读,https://app.mi.com/details?id=com.hme.qmct
青檬漫画,图书阅读,https://app.mi.com/details?id=com.qingmeng.comic
免耽漫画,图书阅读,https://app.mi.com/details?id=com.miandan.live
灯读文学,图书阅读,https://app.mi.com/details?id=com.dengdu.booknovel
纵横小说,图书阅读,https://app.mi.com/details?id=com.zongheng.reader
抖书阅读,图书阅读,https://app.mi.com/details?id=com.app.doushu
笔尚小说,图书阅读,https://app.mi.com/details?id=com.bishang.bsread
八蕉阅读-全本小说免费看,图书阅读,https://app.mi.com/details?id=com.ifeng.bananareader
手机写小说,图书阅读,https://app.mi.com/details?id=com.wyfc.writenovel
笔趣阁免费小说阅读器-快读小说,图书阅读,https://app.mi.com/details?id=com.dawenming.novelreader
湛庐阅读,图书阅读,https://app.mi.com/details?id=com.cheersedu.app
畅想阅读,图书阅读,https://app.mi.com/details?id=com.rtbook.book
委员读书平台,图书阅读,https://app.mi.com/details?id=com.qgzx.reader
连尚读书极速版,图书阅读,https://app.mi.com/details?id=com.wifi.reader.lite
连尚读书女生版,图书阅读,https://app.mi.com/details?id=com.wifi.reader.girl
简知,图书阅读,https://app.mi.com/details?id=com.jz.jzkjapp
句子控,图书阅读,https://app.mi.com/details?id=com.wordscon.axe
简讯,图书阅读,https://app.mi.com/details?id=com.tipsoon.android
TXT免费阅读小说,图书阅读,https://app.mi.com/details?id=com.myydxs.txt
飞卢小说,图书阅读,https://app.mi.com/details?id=com.faloo.BookReader4Android
江湖免费小说,图书阅读,https://app.mi.com/details?id=com.zhangdu.bumblebee
笔触阁,图书阅读,https://app.mi.com/details?id=com.biquge.book.red
橙光阅读器,图书阅读,https://app.mi.com/details?id=com.sixrpg.opalyer
会读小说,图书阅读,https://app.mi.com/details?id=com.twocloo.huiread
36漫画,图书阅读,https://app.mi.com/details?id=uni.UNI9C63FFB
免费小说阅读星,图书阅读,https://app.mi.com/details?id=com.yueduxing.xsreader
饭团看书,图书阅读,https://app.mi.com/details?id=com.fantuankanshujbk
灵猫免费小说,图书阅读,https://app.mi.com/details?id=com.lingmaowenxue
漫画岛,图书阅读,https://app.mi.com/details?id=com.android.comicsisland.activity
TXT文本听书,图书阅读,https://app.mi.com/details?id=com.wyfc.itingtxt2
第一财经杂志,图书阅读,https://app.mi.com/details?id=com.cbnweekly
饭角,图书阅读,https://app.mi.com/details?id=com.fanjiao
短知句子-励志语录情感文案大全,图书阅读,https://app.mi.com/details?id=com.bkxxkj.duanzhi
笔趣阁极速版,图书阅读,https://app.mi.com/details?id=com.novel.bqgreader
长佩阅读,图书阅读,https://app.mi.com/details?id=net.cpwxw.cpfiction
飒漫画,图书阅读,https://app.mi.com/details?id=com.comic.isaman
小书狐,图书阅读,https://app.mi.com/details?id=com.read.xsh
免费追书,图书阅读,https://app.mi.com/details?id=com.mianfeizs.book
漫画大全,图书阅读,https://app.mi.com/details?id=uni.UNI9A93330
漫画之家,图书阅读,https://app.mi.com/details?id=uni.UNIF050001
读库,图书阅读,https://app.mi.com/details?id=cn.duku
宝贝王,图书阅读,https://app.mi.com/details?id=com.sinovatech.wdbbw.kidsplace
番茄畅听,图书阅读,https://app.mi.com/details?id=com.xs.fm
爱奇艺小说,图书阅读,https://app.mi.com/details?id=com.qiyi.video.reader
华夏天空,图书阅读,https://app.mi.com/details?id=com.wp.bookshelfss
有书,图书阅读,https://app.mi.com/details?id=com.fengwo.reading
TXT全本免费小说,图书阅读,https://app.mi.com/details?id=cc.lianzainovel
世界浙商,图书阅读,https://app.mi.com/details?id=com.zhanqi.worldzs
晋江小说阅读,图书阅读,https://app.mi.com/details?id=com.jjwxc.reader
红豆免费小说,图书阅读,https://app.mi.com/details?id=me.hongdou.reader
藏书馆,图书阅读,https://app.mi.com/details?id=com.cliff
看看小说,图书阅读,https://app.mi.com/details?id=com.betterlifego.weread
写书小说阅读,图书阅读,https://app.mi.com/details?id=com.wyfc.lovenovel
爱集微,图书阅读,https://app.mi.com/details?id=com.jiweinet.jwnet
动漫之家,图书阅读,https://app.mi.com/details?id=com.dmzj.manhua
得间免费小说极速版,图书阅读,https://app.mi.com/details?id=com.chaozh.iReader.dj.speed
七读免费小说,图书阅读,https://app.mi.com/details?id=com.dj.sevenRead
得间免费小说,图书阅读,https://app.mi.com/details?id=com.chaozh.iReader.dj
速看免费小说,图书阅读,https://app.mi.com/details?id=com.chaozh.xincao.only.sk
懒人畅听高级版,图书阅读,https://app.mi.com/details?id=bubei.tingshu.pro
看漫（原看漫画）,图书阅读,https://app.mi.com/details?id=com.wbxm.icartoon
阅友免费小说,图书阅读,https://app.mi.com/details?id=com.yueyou.adreader
Kindle阅读,图书阅读,https://app.mi.com/details?id=com.amazon.kindlefc
故宫云课,图书阅读,https://app.mi.com/details?id=com.gugongedu
书旗小说-海量图书,图书阅读,https://app.mi.com/details?id=com.shuqi.controller
朗文家,图书阅读,https://app.mi.com/details?id=com.pearson.lelstudent
微博动漫-水晶鞋,图书阅读,https://app.mi.com/details?id=com.weibo.comic
蛮多小说,图书阅读,https://app.mi.com/details?id=com.lechuan.mdxs
时尚志,图书阅读,https://app.mi.com/details?id=com.onlylady.www.nativeapp
快看-原快看漫画,图书阅读,https://app.mi.com/details?id=com.kuaikan.comic
读乐星空,图书阅读,https://app.mi.com/details?id=com.sdt.dlxk
890新商学,图书阅读,https://app.mi.com/details?id=com.xiaoe.shop.wxb
万能阅读器,图书阅读,https://app.mi.com/details?id=cn.adfast.tzz
龙门书林,图书阅读,https://app.mi.com/details?id=com.qianlilong.xy
万能小说,图书阅读,https://app.mi.com/details?id=com.novel.reader.lian
话本小说,图书阅读,https://app.mi.com/details?id=com.huabenapp
全本免费小说阅读器,图书阅读,https://app.mi.com/details?id=cc.quanben.novel
刺猬猫阅读,图书阅读,https://app.mi.com/details?id=com.kuangxiangciweimao.novel
哈佛管理导师,图书阅读,https://app.mi.com/details?id=com.hubschina.hmm2cproject
靠谱读书,图书阅读,https://app.mi.com/details?id=com.ikaopu.future
皮皮漫画,图书阅读,https://app.mi.com/details?id=cc.mh.pipi
球天下体育,体育运动,https://app.mi.com/details?id=com.qtx.qtxty
超鹿运动,体育运动,https://app.mi.com/details?id=com.chaolu.app
体鱼运动-学生儿童运动智能助手,体育运动,https://app.mi.com/details?id=com.tyfit.cn
星脉ECG,体育运动,https://app.mi.com/details?id=com.yutu.ecg_phone
凯格尔PC运动,体育运动,https://app.mi.com/details?id=com.kegel.movement
足球魔方,体育运动,https://app.mi.com/details?id=com.hhb.zqmf
松鼠计步,体育运动,https://app.mi.com/details?id=com.xtwx.squirrelstepcounter
QueenRun,体育运动,https://app.mi.com/details?id=com.whllzx.queue
强基四川,体育运动,https://app.mi.com/details?id=cn.legym.shanks
Keep,体育运动,https://app.mi.com/details?id=com.gotokeep.keep
万步健康,体育运动,https://app.mi.com/details?id=com.wanbu.dascom
DONGDONG,体育运动,https://app.mi.com/details?id=com.mcbn.movesports
国潮广场舞,体育运动,https://app.mi.com/details?id=com.gcgcw.app
当燃-健身减肥定制方案,体育运动,https://app.mi.com/details?id=com.wayxtech.dangran
趣跑团,体育运动,https://app.mi.com/details?id=com.car.qupaotuan
Mibro Fit,体育运动,https://app.mi.com/details?id=com.xiaoxun.xunoversea.mibrofit
迈金助手,体育运动,https://app.mi.com/details?id=cn.mageneutility
多益走路,体育运动,https://app.mi.com/details?id=com.mx.morefitwalk
品麦云康,体育运动,https://app.mi.com/details?id=com.vtrump.accuway
第一赛道,体育运动,https://app.mi.com/details?id=com.sport.record
Zepp,体育运动,https://app.mi.com/details?id=com.huami.watch.hmwatchmanager
我的钓场,体育运动,https://app.mi.com/details?id=com.njpl.fishplace
Loop,体育运动,https://app.mi.com/details?id=com.justjump.loop
弈客围棋,体育运动,https://app.mi.com/details?id=com.indeed.golinks
七彩计步,体育运动,https://app.mi.com/details?id=com.xmbranch.rainbow
多多锦鲤,体育运动,https://app.mi.com/details?id=com.xmbranch.carpmore
芝麻步数,体育运动,https://app.mi.com/details?id=com.xmbranch.zhima
懒人Club,体育运动,https://app.mi.com/details?id=com.lryj.lazyfit
WeGym,体育运动,https://app.mi.com/details?id=osl.wegym.app
天天爱计步,体育运动,https://app.mi.com/details?id=vip.fish.everydaylovesteps
多多走路,体育运动,https://app.mi.com/details?id=fish.cat.duoduowalkingsecond
百利恒运动,体育运动,https://app.mi.com/details?id=com.zoesap.jianshen
全民爱计步,体育运动,https://app.mi.com/details?id=apple.dog.walltocounternext
记步助手,体育运动,https://app.mi.com/details?id=happy.animal.stepassistantsecond
走路多宝,体育运动,https://app.mi.com/details?id=happy.cat.walkingtreasurenext
满分跳绳,体育运动,https://app.mi.com/details?id=com.icomon.skipJoy
Hard,体育运动,https://app.mi.com/details?id=com.walnutin.hardsport
享乐客,体育运动,https://app.mi.com/details?id=com.unicomfort.sport
引体向上,体育运动,https://app.mi.com/details?id=com.tanma.sportsguide
微步世界,体育运动,https://app.mi.com/details?id=com.ljwy.weibu
佳速度,体育运动,https://app.mi.com/details?id=com.garmin.android.apps.gccm
超级猩猩,体育运动,https://app.mi.com/details?id=cn.com.supermonkey.supermonkeyapp
小喔健身,体育运动,https://app.mi.com/details?id=com.xiaowo.sport
FITURE,体育运动,https://app.mi.com/details?id=com.fiture.taurus
HryFine,体育运动,https://app.mi.com/details?id=com.whs.ylsh
MasWear,体育运动,https://app.mi.com/details?id=com.lhzl.maswear
M2 Wear,体育运动,https://app.mi.com/details?id=com.lianhezhuli.mtwear
乐刻运动,体育运动,https://app.mi.com/details?id=com.leoao.fitness
腾讯体育-看冬奥会NBA德甲欧冠,体育运动,https://app.mi.com/details?id=com.tencent.qqsports
PK虎,体育运动,https://app.mi.com/details?id=com.jc.pktiger
央视体育,体育运动,https://app.mi.com/details?id=com.cctv.cctv5ultimate
GOSKI去滑雪,体育运动,https://app.mi.com/details?id=com.goski.gosking
有心跳-舞蹈、跳舞、学舞神器,体育运动,https://app.mi.com/details?id=cn.train2win.ai
酷约运动,体育运动,https://app.mi.com/details?id=com.kuyueyundong2021
网易红彩,体育运动,https://app.mi.com/details?id=com.netease.lotterynews
律动健康,体育运动,https://app.mi.com/details?id=com.ld.spriteld
时分计步,体育运动,https://app.mi.com/details?id=com.xmbranch.shifen
EConnected,体育运动,https://app.mi.com/details?id=com.tymate.domyos.connected
豫见指导员,体育运动,https://app.mi.com/details?id=com.bdr.shzdy
锦鲤宝,体育运动,https://app.mi.com/details?id=com.xmbranch.carpfruit
KS Fit,体育运动,https://app.mi.com/details?id=com.kingsmith.xiaojin
黑加,体育运动,https://app.mi.com/details?id=com.ryeex.groot
足球财富,体育运动,https://app.mi.com/details?id=com.rrc.footballwealth
E-Sports,体育运动,https://app.mi.com/details?id=com.fan.asiangameshz
如初,体育运动,https://app.mi.com/details?id=com.jkpg.ruchu
体职连线,体育运动,https://app.mi.com/details?id=com.sinosportsunion
盆友产后坐月子恢复优健康运动,体育运动,https://app.mi.com/details?id=com.gminsz.penyou
小飞龙,体育运动,https://app.mi.com/details?id=com.bsw.loallout
小米运动,体育运动,https://app.mi.com/details?id=com.xiaomi.hm.health
GoFit开练,体育运动,https://app.mi.com/details?id=com.yuanlue.sportnote
新浪体育,体育运动,https://app.mi.com/details?id=cn.com.sina.sports
READsport,体育运动,https://app.mi.com/details?id=com.hard.readsport
汇舞,体育运动,https://app.mi.com/details?id=com.latinhui.huiwu
走路有宝,体育运动,https://app.mi.com/details?id=vip.qufenqian.wallhasbao
伟德国际健身,体育运动,https://app.mi.com/details?id=com.weidejianshen.sports
早晚广场舞,体育运动,https://app.mi.com/details?id=cn.zwgcw
浙江户外,体育运动,https://app.mi.com/details?id=com.zhanqi.travel
全云动,体育运动,https://app.mi.com/details?id=cloud.runball.bazu
梦幻赛事,体育运动,https://app.mi.com/details?id=com.v1.dream
快数-跳绳深蹲智能计数健身运动,体育运动,https://app.mi.com/details?id=com.dongzhe.kuaishu
马拉松报名,体育运动,https://app.mi.com/details?id=com.hpaopao.marathon
跑跑,体育运动,https://app.mi.com/details?id=com.libo.running
乐心,体育运动,https://app.mi.com/details?id=com.lifesense.alice
减肥,体育运动,https://app.mi.com/details?id=com.aokj.loseweight
骑记,体育运动,https://app.mi.com/details?id=cc.iriding.mobile
一起走专业版,体育运动,https://app.mi.com/details?id=com.yiqizou.ewalking.pro
每日瑜伽,体育运动,https://app.mi.com/details?id=com.dailyyoga.cn
17嗨,体育运动,https://app.mi.com/details?id=com.techplussports.fitness
校体云,体育运动,https://app.mi.com/details?id=com.zjwh.xiaoticloud
运动健康,体育运动,https://app.mi.com/details?id=com.huawei.health
有佣有物,时尚购物,https://app.mi.com/details?id=com.yyywu.app
二手车之家-买车卖车估值,时尚购物,https://app.mi.com/details?id=com.autohome.usedcar
CiE美妆创新展,时尚购物,https://app.mi.com/details?id=com.pinguan.app
今日买车,时尚购物,https://app.mi.com/details?id=com.jws.cencobuy
az全球购,时尚购物,https://app.mi.com/details?id=com.azgo.globalstore
蜜蜂省钱,时尚购物,https://app.mi.com/details?id=com.mifengshengqianmfsq.app
話梅,时尚购物,https://app.mi.com/details?id=com.harmay.harmay
视频带货,时尚购物,https://app.mi.com/details?id=com.yywl.dhsq
嗖嗖,时尚购物,https://app.mi.com/details?id=com.wjkj.loosrun
慢慢买-比价助手,时尚购物,https://app.mi.com/details?id=com.manmanbuy.bijia
号令天下,时尚购物,https://app.mi.com/details?id=net.hltx.app
骑士商祺,时尚购物,https://app.mi.com/details?id=com.black.blucky
华硕商城,时尚购物,https://app.mi.com/details?id=com.tonglubao.asusstore
九机网,时尚购物,https://app.mi.com/details?id=ch999.app.UI
悬赏猫,时尚购物,https://app.mi.com/details?id=com.ucvnf.kfhu
全民邀约,时尚购物,https://app.mi.com/details?id=com.qirun.qm
真厉害,时尚购物,https://app.mi.com/details?id=com.jy.hotwheel
真珠美学,时尚购物,https://app.mi.com/details?id=com.zzmx.mall
购真实,时尚购物,https://app.mi.com/details?id=com.zxc.vrgo
幸福小站,时尚购物,https://app.mi.com/details?id=com.insthub.xfxz
HONEYPAL,时尚购物,https://app.mi.com/details?id=cn.honeypal.shop
闻闻,时尚购物,https://app.mi.com/details?id=com.dhh.easy.easyims
51山克油商家端,时尚购物,https://app.mi.com/details?id=com.dsrz.skystore
福利超市,时尚购物,https://app.mi.com/details?id=com.xiangyao.welfare
销巴生活,时尚购物,https://app.mi.com/details?id=com.shallbuy.xiaoba.life
独角秀好店,时尚购物,https://app.mi.com/details?id=com.paomi.goodshop
葵花市场,时尚购物,https://app.mi.com/details?id=com.flowerclient.app
万物,时尚购物,https://app.mi.com/details?id=com.guandu.administrator.allsecuroty
歌德老酒行,时尚购物,https://app.mi.com/details?id=com.yek.android.gede
拍卖之家,时尚购物,https://app.mi.com/details?id=com.auctionhome.android.auctionhome
利群采购平台,时尚购物,https://app.mi.com/details?id=com.liqunshop.mobile
利群网商,时尚购物,https://app.mi.com/details?id=com.liqun.liqws
聚源美汇,时尚购物,https://app.mi.com/details?id=com.jycj.juyuanmeihui
左家右厨,时尚购物,https://app.mi.com/details?id=com.akuhome.jingyaoyun
聚源美汇商盟,时尚购物,https://app.mi.com/details?id=com.jycj.juyuanmeihui.business
奢联云销,时尚购物,https://app.mi.com/details?id=com.ibaodashi.shelian
建连连,时尚购物,https://app.mi.com/details?id=com.jll.jls
简禾易购,时尚购物,https://app.mi.com/details?id=com.jianheyigou.purchaser
简禾供货商,时尚购物,https://app.mi.com/details?id=com.jianheyigou.supplier
斗泉,时尚购物,https://app.mi.com/details?id=com.douquan.qianbi
云米,时尚购物,https://app.mi.com/details?id=com.yunmi.water
公路商店,时尚购物,https://app.mi.com/details?id=com.ontheroadstore.hs
捷安盛,时尚购物,https://app.mi.com/details?id=com.zcyx.bg
轻链,时尚购物,https://app.mi.com/details?id=com.tyjh.lightchain
县优优,时尚购物,https://app.mi.com/details?id=com.yuduyx.shop
拼多多,时尚购物,https://app.mi.com/details?id=com.xunmeng.pinduoduo
婚礼纪商家版,时尚购物,https://app.mi.com/details?id=com.hunliji.marrybiz
洋葱OMALL,时尚购物,https://app.mi.com/details?id=com.msyc.onion
高佣省钱,时尚购物,https://app.mi.com/details?id=com.yoc.daxi.gysq
瓶瓶,时尚购物,https://app.mi.com/details?id=com.universe.bottle
活色生香,时尚购物,https://app.mi.com/details?id=com.wl.luhuo
蜜蜂机械商户,时尚购物,https://app.mi.com/details?id=com.zzb.bulletMerchant
手机天猫,时尚购物,https://app.mi.com/details?id=com.tmall.wireless
优衣库,时尚购物,https://app.mi.com/details?id=com.yek.android.uniqlo
冻品e港,时尚购物,https://app.mi.com/details?id=com.coldeal.app
爱买特,时尚购物,https://app.mi.com/details?id=com.aimart.retail
雪狮悠选,时尚购物,https://app.mi.com/details?id=com.xsgyl.lhz
京东商选,时尚购物,https://app.mi.com/details?id=com.jd.hyt
云创空间,时尚购物,https://app.mi.com/details?id=com.by.yckj
智鹊好物,时尚购物,https://app.mi.com/details?id=com.company.zqkj.good_commodity
购利宝,时尚购物,https://app.mi.com/details?id=com.goolibao.ujc
筑巢康品,时尚购物,https://app.mi.com/details?id=uni.UNI8523853
豆牛,时尚购物,https://app.mi.com/details?id=com.ymt360.app.yu
考拉海购-世界对我的偏爱,时尚购物,https://app.mi.com/details?id=com.kaola
小宠云购,时尚购物,https://app.mi.com/details?id=com.xcyg.app
惠省多多,时尚购物,https://app.mi.com/details?id=com.shhh.hsdd
过日子优惠,时尚购物,https://app.mi.com/details?id=com.tonnyc.grz
华泽微福,时尚购物,https://app.mi.com/details?id=io.dcloud.Hzwf
月亮小屋,时尚购物,https://app.mi.com/details?id=cn.com.bluemoon.bluehouse
Feelunique,时尚购物,https://app.mi.com/details?id=com.wta.NewCloudApp.jiuwei207279
MIINTO,时尚购物,https://app.mi.com/details?id=com.azoya.cecsmiinto
e9平台,时尚购物,https://app.mi.com/details?id=com.baiheba.hvateng
靠谱家,时尚购物,https://app.mi.com/details?id=com.hexy.lansiu
聚津APP,时尚购物,https://app.mi.com/details?id=com.jujin.app
乐活秀,时尚购物,https://app.mi.com/details?id=com.lohashow.app.c
兴盛优选,时尚购物,https://app.mi.com/details?id=com.xsyx.user
鲜动员,时尚购物,https://app.mi.com/details?id=com.jiayumuye
一亩田,时尚购物,https://app.mi.com/details?id=com.ymt360.app.mass
芯舍,时尚购物,https://app.mi.com/details?id=com.smzdm.client.xins
Nike,时尚购物,https://app.mi.com/details?id=com.nike.omega
易商,时尚购物,https://app.mi.com/details?id=com.cfastech.mendian
海拍客,时尚购物,https://app.mi.com/details?id=com.ytmallapp
白菜优惠券,时尚购物,https://app.mi.com/details?id=com.lf.coupon
徽鱼,时尚购物,https://app.mi.com/details?id=com.ahrykj.huiyu
阿呆猫集采,时尚购物,https://app.mi.com/details?id=com.admalltech.b2s
惠汪省钱,时尚购物,https://app.mi.com/details?id=com.xiamizk.xiami
箭猪优快,时尚购物,https://app.mi.com/details?id=com.jzyk
厨味诱惑餐饮管理,时尚购物,https://app.mi.com/details?id=com.chuweiyouhuo.app
美印兔兔,时尚购物,https://app.mi.com/details?id=com.meiyintutu.app
花递,时尚购物,https://app.mi.com/details?id=com.flowerdelivery
